;mean_fit_time;std_fit_time;param_ridge__alpha;params;mean_test_score;std_test_score;rank_test_score;final score
8;0.01980595588684082;0.004730433969421408;19.726897439620764;{'ridge__alpha': 19.726897439620764};-4.608515254023301;0.29957104952924235;1;-3.82331073890086
